"Date","VOC, ppm","AQS","Temperature, Â°C","Humidity, %","Pressure, mbar","PM1, ug/m3","PM2.5, ug/m3","PM10, ug/m3","Latitude","Longitude"
"2024-11-13 16:03:00","0.01","80","28","42.0","979.85","14.0","16.0","18.0","",""
"2024-11-13 16:02:00","0.225","80","27.8","35.0","979.90","14.0","16.0","18.0","6.6830031","-1.5682835"
"2024-11-13 16:01:00","0.219","80","28","35.0","979.94","","","","",""
"2024-11-13 16:00:00","0.02","82","28","35.0","979.96","12.0","15.0","17.0","6.683037","-1.5682782"
"2024-11-13 15:59:00","0.011","82","28","36.0","980.03","12.0","15.0","17.0","6.683037","-1.5682782"
"2024-11-13 15:58:00","0.01","81","28","35.0","980.08","13.0","16.0","18.0","",""
"2024-11-13 15:57:00","0.01","79","28.3","39.0","980.00","14.2","16.9","18.9","6.6830176","-1.5682663"
"2024-11-13 15:56:00","0.299","81","28.3","39.0","980.00","13.0","15.0","17.0","6.6829935","-1.5682486"
"2024-11-13 15:55:00","0.324","80","28.7","37.0","980.10","12.6","14.7","15.8","6.6829921","-1.5682451"
"2024-11-13 15:54:00","0.371","77","28.9","37.0","980.10","12.0","14.0","16.0","6.6878717","-1.577867"
"2024-11-13 15:53:00","0.632","67","29.1","38.0","980.10","","","","6.682933","-1.5682452"
"2024-11-13 15:52:00","0.598","68","29.4","38.0","980.10","","","","6.682933","-1.5682452"
"2024-11-13 15:51:00","0.467","71","29.6","37.0","980.00","","","","6.682933","-1.5682452"
"2024-11-13 15:50:00","0.362","78","29.8","37.0","980.00","","","","6.682933","-1.5682452"
"2024-11-13 15:49:00","0.555","69","30","41.0","980.00","","","","6.682933","-1.5682452"
"2024-11-13 15:48:00","0.408","75","30.2","40.0","979.90","","","","6.682933","-1.5682452"
"2024-11-13 15:47:00","0.514","69","30.4","40.0","979.80","","","","6.6830026","-1.5682578"
"2024-11-13 15:46:00","0.474","71","30.6","39.0","979.70","","","","6.6830026","-1.5682578"
"2024-11-13 15:45:00","0.528","69","30.6","44.0","979.80","","","","6.6830026","-1.5682578"
"2024-11-13 15:44:00","0.531","69","30.3","48.0","979.70","","","","6.6830026","-1.5682578"
"2024-11-13 15:43:00","0.654","67","30.3","47.0","979.80","13.0","15.5","17.7","6.6830026","-1.5682578"
"2024-11-13 15:42:00","0.753","65","30.4","47.0","979.90","","","","6.6829076","-1.568863"
"2024-11-13 15:41:00","0.702","66","30.3","49.0","979.90","","","","6.6829076","-1.568863"
"2024-11-13 15:40:00","0.594","68","30.2","43.0","979.90","","","","6.6829839","-1.5682392"
"2024-11-13 15:39:00","0.539","69","30.3","40.0","980.00","","","","6.6829839","-1.5682392"
"2024-11-13 15:38:00","0.535","69","30.3","43.0","980.10","","","","6.6829839","-1.5682392"
"2024-11-13 15:37:00","0.862","63","31.6","47.0","979.70","","","","6.6829839","-1.5682392"
"2024-11-13 15:36:00","0.665","67","30","42.0","980.20","14.0","16.0","16.0","6.6829839","-1.5682392"
"2024-11-13 15:35:00","0.673","67","30","40.0","980.25","14.0","16.0","16.0","6.6829839","-1.5682392"
"2024-11-13 15:34:00","0.683","66","30","39.0","980.29","14.0","16.0","16.0","6.6829839","-1.5682392"
"2024-11-13 15:33:00","0.696","66","30","39.0","980.31","14.0","16.0","16.0","",""
"2024-11-13 15:32:00","0.713","66","30","38.0","980.34","14.0","16.0","16.0","",""
"2024-11-13 15:31:00","0.732","65","30","38.0","980.41","13.0","14.0","15.0","",""
"2024-11-13 15:30:00","0.748","65","30","37.0","980.46","12.0","14.0","16.0","",""
"2024-11-13 15:29:00","0.751","65","31","36.0","980.44","13.0","15.0","16.0","",""
"2024-11-13 15:28:00","0.752","65","31","37.0","980.49","13.0","15.0","16.0","",""
"2024-11-13 15:27:00","0.753","65","31","38.0","980.37","13.0","15.0","16.0","",""
"2024-11-13 15:26:00","0.755","65","31","38.0","980.26","13.0","15.0","16.0","",""
"2024-11-13 15:25:00","0.758","65","31","38.0","980.23","13.0","15.0","16.0","",""
"2024-11-13 15:24:00","0.76","65","31","38.0","980.31","13.0","15.0","16.0","",""
"2024-11-13 15:23:00","0.761","65","31","38.0","980.33","13.0","15.0","16.0","",""
"2024-11-13 15:22:00","0.765","65","31","37.0","980.45","13.0","15.0","16.0","",""
"2024-11-13 15:21:00","0.774","65","32","36.0","980.66","13.0","15.0","16.0","",""
"2024-11-13 15:20:00","0.789","64","32","36.0","980.53","13.0","15.0","16.0","",""
"2024-11-13 15:19:00","0.8","64","32","42.0","980.37","13.0","16.0","18.0","",""
"2024-11-13 15:18:00","0.792","64","32","51.0","980.29","12.0","15.0","16.0","",""
"2024-11-13 15:17:00","0.772","65","32","52.0","980.14","12.0","15.0","16.0","",""
"2024-11-13 15:16:00","0.782","65","31.6","45.0","979.70","","","","6.6829921","-1.5682455"
"2024-11-13 15:15:00","0.705","66","31.8","37.0","979.50","","","","6.6829921","-1.5682449"
"2024-11-13 15:14:00","0.701","66","31.9","38.0","979.50","","","","6.6829921","-1.5682449"
"2024-11-13 15:13:00","0.633","67","32.1","38.0","979.40","","","","6.6829921","-1.5682449"
"2024-11-13 15:12:00","0.543","69","32.2","39.0","979.40","","","","6.6829921","-1.5682449"
"2024-11-13 15:11:00","0.423","74","32.2","40.0","979.40","","","","6.6829924","-1.5682449"
"2024-11-13 15:10:00","0.524","69","32.3","41.0","979.30","14.0","16.4","18.0","6.6829924","-1.5682449"
"2024-11-13 15:09:00","0.661","67","32.8","38.0","979.30","","","","6.6829924","-1.5682449"
"2024-11-13 15:08:00","0.755","65","32.9","41.0","979.30","","","","6.6829924","-1.5682449"
"2024-11-13 15:07:00","0.86","63","33.1","45.0","979.40","","","","6.6829924","-1.5682449"
"2024-11-13 15:06:00","0.826","64","33","45.0","979.30","","","","6.6829927","-1.5682452"
"2024-11-13 15:05:00","0.792","64","32.9","45.0","979.30","","","","6.6829927","-1.5682452"
"2024-11-13 15:04:00","0.781","65","32.9","44.0","979.30","","","","6.6829927","-1.5682452"
"2024-11-13 15:03:00","0.739","65","32.8","42.0","979.30","","","","6.6829927","-1.5682452"
"2024-11-13 15:02:00","0.705","66","32.9","41.0","979.30","","","","6.6829927","-1.5682452"
"2024-11-13 15:01:00","0.592","68","33","42.0","979.30","","","","6.6829845","-1.5682396"
"2024-11-13 15:00:00","0.493","70","33.1","38.0","979.30","","","","6.6829845","-1.5682396"
"2024-11-13 14:59:00","0.599","68","33.2","40.0","979.30","14.5","17.4","19.6","6.6829845","-1.5682396"
"2024-11-13 14:58:00","0.883","63","33.6","38.0","979.40","","","","6.6829845","-1.5682396"
"2024-11-13 14:57:00","0.886","63","33.9","38.0","979.40","","","","6.6829845","-1.5682396"
"2024-11-13 14:56:00","0.959","62","34.3","40.0","979.40","","","","6.6829845","-1.5682396"
"2024-11-13 14:55:00","1.027","60","34.8","39.0","979.40","","","","6.6829845","-1.5682396"
"2024-11-13 14:54:00","1.099","59","35.1","41.0","979.40","","","","6.6829845","-1.5682396"
"2024-11-13 14:53:00","1.136","58","35.3","46.0","979.40","","","","6.6829845","-1.5682396"
"2024-11-13 14:52:00","1.037","60","35.3","47.0","979.40","","","","6.6829845","-1.5682396"
"2024-11-13 14:51:00","1.013","61","35.2","49.0","979.50","","","","6.6829845","-1.5682396"
"2024-11-13 14:50:00","0.886","63","35.2","47.0","979.40","","","","6.6829845","-1.5682396"
"2024-11-13 14:49:00","0.839","64","35.1","47.0","979.40","","","","6.6829845","-1.5682396"
"2024-11-13 14:48:00","0.769","65","35","45.0","979.40","13.4","15.4","16.3","6.6829924","-1.5682449"
"2024-11-13 14:47:00","0.618","67","35.3","39.0","979.30","13.7","16.0","17.9","6.6829927","-1.5682452"
"2024-11-13 14:46:00","0.541","69","35.6","36.0","979.30","14.7","16.9","17.7","6.6829918","-1.568245"
"2024-11-13 14:45:00","0.644","67","35.8","44.0","979.40","19.0","21.2","22.4","6.6829042","-1.5688732"
"2024-11-13 14:44:00","0.693","66","35.9","42.0","979.40","","","","6.6829509","-1.5687745"
"2024-11-13 14:43:00","0.706","66","35.9","42.0","979.40","","","","6.6878717","-1.577867"
"2024-11-13 14:42:00","0.794","64","35","48.0","977.50","","","","6.6829246","-1.5689031"
"2024-11-13 14:41:00","0.835","64","35","47.0","979.34","22.0","24.0","25.0","6.682911","-1.5688379"
"2024-11-13 14:40:00","0.836","64","35","49.0","979.50","18.0","21.0","22.0","6.682911","-1.5688379"
"2024-11-13 14:39:00","0.665","67","35","45.0","977.50","","","","6.6878751","-1.5778401"
"2024-11-13 14:38:00","0.719","66","35","42.0","977.40","","","","6.6878749","-1.5778398"
"2024-11-13 14:37:00","0.775","65","35.1","41.0","977.40","","","","6.6869214","-1.5780356"
"2024-11-13 14:36:00","0.815","64","35.1","43.0","977.50","","","","6.6869214","-1.5780356"
"2024-11-13 14:35:00","0.679","66","34.9","43.0","977.50","","","","6.6874979","-1.5779206"
"2024-11-13 14:34:00","0.796","64","34.8","47.0","977.60","20.4","22.6","23.8","6.6876676","-1.5778948"
"2024-11-13 14:33:00","0.899","63","34.9","45.0","977.60","","","","6.6878216","-1.5778637"
"2024-11-13 14:32:00","0.821","64","35","45.0","977.60","","","","6.6869204","-1.5780407"
"2024-11-13 14:31:00","0.748","65","35.1","43.0","977.60","","","","6.6869204","-1.5780407"
"2024-11-13 14:30:00","0.954","62","35.1","45.0","977.50","","","","6.6870384","-1.5781256"
"2024-11-13 14:29:00","0.931","62","35.2","44.0","977.60","","","","6.6870384","-1.5781256"
"2024-11-13 14:28:00","0.865","63","35.3","45.0","977.60","","","","6.6873719","-1.5779561"
"2024-11-13 14:27:00","0.852","63","35.4","41.0","977.60","","","","6.6881655","-1.5788666"
"2024-11-13 14:26:00","0.884","63","35.5","43.0","977.60","","","","6.687874","-1.5778464"
"2024-11-13 14:25:00","0.808","64","35.6","40.0","977.60","","","","6.6878738","-1.5778419"
"2024-11-13 14:24:00","0.747","65","35.6","41.0","977.60","","","","6.6870297","-1.5781246"
"2024-11-13 14:23:00","0.722","66","35.8","40.0","977.60","","","","6.6870297","-1.5781246"
"2024-11-13 14:22:00","0.874","63","36","41.0","977.71","15.0","17.0","18.0","6.6870297","-1.5781246"
"2024-11-13 14:21:00","0.786","65","36","38.0","977.60","","","","6.687867","-1.5778324"
"2024-11-13 14:20:00","0.789","64","36.1","39.0","977.60","","","","6.6878589","-1.5778406"
"2024-11-13 14:19:00","0.932","62","36.3","40.0","977.70","","","","6.6878478","-1.5778588"
"2024-11-13 14:18:00","0.941","62","36.5","38.0","977.70","","","","6.6875201","-1.5784361"
"2024-11-13 14:17:00","0.91","62","36.7","36.0","977.80","","","","6.6871166","-1.5780571"
"2024-11-13 14:16:00","0.87","63","37","36.0","977.70","","","","6.6872245","-1.5778046"
"2024-11-13 14:15:00","0.932","62","37.1","38.0","977.80","","","","6.6869962","-1.5780828"
"2024-11-13 14:14:00","0.789","64","37.2","37.0","977.80","","","","6.6878038","-1.5778561"
"2024-11-13 14:13:00","0.874","63","37.2","36.0","977.80","","","","6.6878785","-1.577844"
"2024-11-13 14:12:00","0.922","62","37.2","42.0","977.90","22.9","25.3","26.3","6.6869294","-1.5780342"
"2024-11-13 14:11:00","0.992","61","37.5","37.0","977.80","","","","6.6874748","-1.577365"
"2024-11-13 14:10:00","1.051","60","37.8","38.0","977.80","","","","6.6877719","-1.5778915"
"2024-11-13 14:09:00","1.027","60","38.1","38.0","977.80","","","","6.6870949","-1.5779244"
"2024-11-13 14:08:00","0.979","61","38.3","37.0","977.80","","","","6.6878738","-1.5778414"
"2024-11-13 14:07:00","1.01","61","38.2","38.0","977.80","","","","6.6878607","-1.5778434"
"2024-11-13 14:06:00","1.003","61","38.1","42.0","977.90","","","","6.687802","-1.5778438"
"2024-11-13 14:05:00","1.014","61","38.3","36.0","977.80","29.2","32.0","33.0","6.6879488","-1.5778307"
"2024-11-13 14:04:00","1.157","58","39","37.0","977.90","28.1","30.6","31.9","6.6869941","-1.577984"
"2024-11-13 14:03:00","1.051","60","39.4","36.0","977.90","","","","6.6869374","-1.5780345"
"2024-11-13 14:02:00","0.828","64","39.3","34.0","977.90","","","","6.6878339","-1.5778592"
"2024-11-13 14:01:00","0.797","64","38.3","35.0","977.80","25.7","28.1","29.2","6.6878743","-1.5778475"
"2024-11-13 14:00:00","0.754","65","37.4","36.0","977.80","","","","6.6880989","-1.5780882"
"2024-11-13 13:59:00","0.821","64","36.4","39.0","977.80","","","","6.6881028","-1.5781037"
"2024-11-13 13:58:00","0.988","61","36.1","39.0","977.80","","","","6.6878714","-1.5778473"
"2024-11-13 13:57:00","0.993","61","36.2","39.0","977.70","","","","6.687875","-1.5778632"
"2024-11-13 13:56:00","0.985","61","36.2","38.0","977.80","","","","6.6878596","-1.5778536"
"2024-11-13 13:55:00","1.004","61","36.3","39.0","977.80","","","","6.6878742","-1.5778398"
"2024-11-13 13:54:00","0.961","62","36.4","39.0","977.80","","","","6.6872963","-1.5779593"
"2024-11-13 13:53:00","0.877","63","36.5","37.0","977.80","","","","6.6878425","-1.5778494"
"2024-11-13 13:52:00","0.901","63","36.6","38.0","977.80","","","","6.6878682","-1.5778407"
"2024-11-13 13:51:00","0.921","62","36.6","42.0","977.90","","","","6.6875247","-1.5779099"
"2024-11-13 13:50:00","0.957","62","36.5","42.0","977.90","16.9","19.1","20.0","6.6878558","-1.5778445"
"2024-11-13 13:49:00","1.001","61","36.9","37.0","977.90","","","","6.6878742","-1.5778398"
"2024-11-13 13:48:00","1.018","61","37","36.0","978.00","","","","6.6878743","-1.5778398"
"2024-11-13 13:47:00","1.003","61","37.1","35.0","978.00","","","","6.687039","-1.5781287"
"2024-11-13 13:46:00","0.974","61","37.2","37.0","978.00","","","","6.6878611","-1.5778442"
"2024-11-13 13:45:00","0.949","62","37.2","36.0","978.00","","","","6.6878675","-1.5778435"
"2024-11-13 13:44:00","0.8","64","36.9","35.0","978.10","","","","6.6870548","-1.5780451"
"2024-11-13 13:43:00","0.701","66","36.9","34.0","978.10","","","","6.6878607","-1.5778434"
"2024-11-13 13:42:00","0.799","64","37","33.0","978.10","","","","6.6878849","-1.5778593"
"2024-11-13 13:41:00","0.865","63","37","37.0","978.10","","","","6.6878626","-1.577827"
"2024-11-13 13:40:00","0.873","63","36.9","40.0","978.30","","","","6.6878736","-1.5778442"
"2024-11-13 13:39:00","0.834","64","36.7","40.0","978.10","18.1","20.5","21.2","6.6875002","-1.5774035"
"2024-11-13 13:38:00","0.893","63","37","36.0","978.20","","","","6.6875044","-1.5774275"
"2024-11-13 13:37:00","0.936","62","37.1","39.0","978.20","16.1","18.1","19.0","6.6869215","-1.5780444"
"2024-11-13 13:36:00","0.94","62","37.4","38.0","978.20","17.5","19.5","20.4","6.6878672","-1.5778621"
"2024-11-13 13:35:00","0.964","61","37.5","37.0","978.20","17.0","19.0","20.0","6.6878611","-1.5778638"
"2024-11-13 13:34:00","0.982","61","37.7","38.0","978.30","17.0","19.0","20.0","6.6878695","-1.5778423"
"2024-11-13 13:33:00","0.953","0","37.9","40.0","978.30","152.0","161.0","162.0","6.6869323","-1.5780316"
"2024-11-13 13:32:00","0.992","61","38.1","33.0","978.40","","","","6.6856256","-1.569791"
"2024-11-13 13:31:00","0.838","64","37.7","33.0","978.50","","","","6.6873807","-1.5779448"
"2024-11-13 13:30:00","0.744","65","38","33.0","978.40","","","","6.6878523","-1.5778391"
"2024-11-13 13:29:00","0.764","65","38.2","35.0","978.40","","","","6.6878743","-1.5778475"
"2024-11-13 13:28:00","0.806","64","38.2","35.0","978.40","","","","6.6878747","-1.5778397"
"2024-11-13 13:27:00","0.847","63","38.6","32.0","978.50","19.0","21.0","22.0","6.6878747","-1.5778397"
"2024-11-13 13:26:00","0.968","61","38.3","37.0","978.50","","","","6.6878747","-1.5778397"
"2024-11-13 13:25:00","0.964","61","38","40.0","978.40","","","","6.6878619","-1.5778602"
"2024-11-13 13:24:00","0.967","61","37.5","37.0","978.50","","","","6.6878737","-1.5778453"
"2024-11-13 13:23:00","0.993","61","37.3","39.0","978.50","","","","6.6878737","-1.5778453"
"2024-11-13 13:22:00","1.062","60","37","37.0","978.50","","","","6.687874","-1.5778464"
"2024-11-13 13:21:00","0.957","62","36.8","37.0","978.50","","","","6.6878744","-1.5778407"
"2024-11-13 13:20:00","0.942","62","36.5","35.0","978.50","","","","6.6876881","-1.5787296"
"2024-11-13 13:19:00","0.927","62","36.3","36.0","978.60","","","","6.6869214","-1.5780356"
"2024-11-13 13:18:00","0.744","65","35.9","39.0","978.60","","","","6.6878744","-1.5778407"
"2024-11-13 13:17:00","0.655","67","35.3","40.0","978.70","","","","6.6878736","-1.5778442"
"2024-11-13 13:16:00","0.717","66","34.8","41.0","978.60","16.7","18.9","20.3","6.6878736","-1.5778442"
"2024-11-13 13:15:00","0.71","45","34.2","43.0","978.70","","","","6.6878691","-1.5778449"
"2024-11-13 13:14:00","0.677","45","33.6","42.0","978.70","","","","6.6865114","-1.5779355"
"2024-11-13 13:13:00","0.658","45","32.7","45.0","978.80","","","","6.6865114","-1.5779355"
"2024-11-13 13:12:00","0.754","45","31.8","47.0","978.80","","","","6.6865114","-1.5779355"
"2024-11-13 13:11:00","0.852","45","31.6","43.0","978.80","","","","6.6865114","-1.5779355"
"2024-11-13 13:10:00","0.719","45","31.5","42.0","979.20","","","","6.6865214","-1.5779316"
"2024-11-13 13:09:00","0.675","36","31.6","44.0","979.20","66.4","70.7","72.1","6.6867579","-1.5760374"
"2024-11-13 13:08:00","0.651","29","31.8","41.0","979.60","79.4","84.4","85.7","6.6871389","-1.5737396"
"2024-11-13 13:07:00","0.719","36","31.9","43.0","979.60","66.5","71.2","72.2","6.6878803","-1.5654944"
"2024-11-13 13:06:00","0.696","66","31.9","43.0","979.60","","","","6.6856256","-1.569791"
"2024-11-13 13:05:00","0.562","68","31.9","42.0","981.10","12.0","13.8","14.7","6.6879891","-1.5651076"
"2024-11-13 13:04:00","0.64","67","32.1","44.0","979.70","11.8","13.9","14.6","6.6856256","-1.569791"
"2024-11-13 13:03:00","0.666","67","32.2","45.0","980.30","12.0","14.0","15.0","6.6856256","-1.569791"
"2024-11-13 13:02:00","0.907","62","32.5","50.0","981.30","12.0","14.0","16.0","6.6830392","-1.5682979"
"2024-11-13 13:01:00","1.018","61","32.8","50.0","981.10","","","","6.682398","-1.5688996"
"2024-11-13 13:00:00","0.851","63","33","47.0","981.10","","","","6.682398","-1.5688996"
"2024-11-13 12:59:00","0.964","61","33.2","48.0","981.10","","","","6.682398","-1.5688996"
"2024-11-13 12:58:00","0.98","61","33.5","45.0","981.10","","","","6.682398","-1.5688996"
"2024-11-13 12:57:00","1.01","61","33.6","49.0","981.20","","","","6.682398","-1.5688996"
"2024-11-13 12:56:00","0.943","62","33.6","47.0","981.10","","","","6.682398","-1.5688996"
"2024-11-13 12:55:00","0.815","64","33.6","45.0","981.10","","","","6.682398","-1.5688996"
"2024-11-13 12:54:00","0.825","64","33.3","48.0","981.10","","","","6.682398","-1.5688996"
"2024-11-13 12:53:00","0.797","64","32.5","47.0","981.20","","","","6.6829088","-1.568926"
"2024-11-13 12:52:00","0.969","61","31.9","56.0","981.30","","","","6.6836391","-1.5682342"
"2024-11-13 12:51:00","0.9","63","31.7","49.0","981.30","17.4","20.2","22.1","6.6822035","-1.5691114"
"2024-11-13 12:50:00","0.951","62","31.8","45.0","981.30","","","","6.6830029","-1.5682856"
"2024-11-13 12:49:00","0.873","63","31.7","46.0","981.20","","","","6.6829918","-1.5682457"
"2024-11-13 12:48:00","0.826","64","31.1","50.0","981.20","","","","6.6829902","-1.5682452"
"2024-11-13 12:47:00","1.008","61","30.6","56.0","981.30","18.6","20.7","21.9","6.683298","-1.5683805"
"2024-11-13 12:46:00","1.094","59","30","58.0","981.30","18.5","20.6","21.7","6.6830312","-1.5685742"
"2024-11-13 12:45:00","1.069","60","29.2","62.0","981.40","18.2","20.5","21.3","6.6830408","-1.5682959"
"2024-11-13 12:44:00","0.943","62","28.9","58.0","981.30","17.0","19.0","20.0","6.6830378","-1.5683087"
"2024-11-13 12:43:00","0.541","69","28.8","46.0","981.30","14.0","17.0","18.0","6.6830774","-1.5683015"
"2024-11-13 12:42:00","0.531","69","28.8","47.0","981.30","18.0","21.0","22.0","6.6830411","-1.5682787"
"2024-11-13 12:41:00","0.346","66","28","60.0","981.39","","","","",""
"2024-11-13 12:40:00","0.011","74","27","62.0","981.46","20.0","22.0","23.0","6.6832378","-1.5684703"
"2024-11-13 12:39:00","","","27","57.0","981.48","18.0","20.0","21.0","6.6832378","-1.5684703"
"2024-11-13 12:38:00","","","27","47.0","981.53","13.0","15.0","17.0","6.6832378","-1.5684703"
"2024-11-13 12:37:00","","","27","47.0","981.53","13.0","15.0","17.0","6.6832378","-1.5684703"
"2024-11-12 17:33:00","1.146","58","30","69.0","981.00","","","","6.6829971","-1.5683037"
"2024-11-12 17:32:00","1.067","60","29.8","67.0","981.00","","","","6.6830029","-1.5683456"
"2024-11-12 17:31:00","0.979","61","29.6","65.0","980.90","","","","6.6830041","-1.5683411"
"2024-11-12 17:30:00","0.917","62","29.4","68.0","980.90","","","","6.683001","-1.5683248"
"2024-11-12 17:29:00","0.849","63","29","66.0","980.90","","","","6.6829793","-1.5682533"
"2024-11-12 17:28:00","0.8","59","28.9","64.0","980.90","34.7","37.7","38.8","6.6829203","-1.5682674"
"2024-11-12 17:27:00","0.902","62","29.3","65.0","980.80","","","","6.6836238","-1.5682387"
"2024-11-12 17:26:00","0.862","62","29.5","60.0","980.80","","","","6.6836684","-1.5682105"
"2024-11-12 17:25:00","0.818","62","29.6","61.0","980.80","","","","6.6829253","-1.5686339"
"2024-11-12 17:24:00","0.603","41","33","49.0","983.10","58.9","63.0","64.0","6.6829105","-1.5688441"
"2024-11-12 17:23:00","0.624","62","30","50.0","980.98","32.0","35.0","36.0","6.6829105","-1.5688441"
"2024-11-12 17:22:00","0.623","62","30","52.0","981.57","32.0","35.0","36.0","6.6829105","-1.5688441"
"2024-11-12 17:21:00","0.624","62","30","51.0","981.65","32.0","35.0","36.0","6.6829105","-1.5688441"
"2024-11-12 17:20:00","0.63","62","30","49.0","981.07","32.0","35.0","36.0","",""
"2024-11-12 17:19:00","0.641","62","30","49.0","981.14","32.0","35.0","36.0","",""
"2024-11-12 17:18:00","0.649","62","30","47.0","980.19","32.0","35.0","36.0","",""
"2024-11-12 17:17:00","0.658","62","29","47.0","980.17","32.0","35.0","36.0","",""
"2024-11-12 17:16:00","0.671","66","29","44.0","979.71","28.0","31.0","32.0","",""
"2024-11-12 17:15:00","0.685","66","30","43.0","979.63","26.0","29.0","30.0","",""
"2024-11-12 17:14:00","0.7","66","30","43.0","980.23","26.0","29.0","30.0","",""
"2024-11-12 17:13:00","0.716","66","30","47.0","980.75","26.0","29.0","30.0","",""
"2024-11-12 17:12:00","0.732","65","30","45.0","982.42","26.0","29.0","30.0","",""
"2024-11-12 17:11:00","0.75","65","31","43.0","981.56","26.0","29.0","30.0","",""
"2024-11-12 17:10:00","0.771","65","31","45.0","982.11","26.0","29.0","30.0","",""
"2024-11-12 17:09:00","0.789","64","31","44.0","982.02","26.0","29.0","30.0","",""
"2024-11-12 17:08:00","0.806","64","32","40.0","980.75","26.0","29.0","30.0","",""
"2024-11-12 17:07:00","0.824","64","32","42.0","981.90","26.0","29.0","30.0","",""
"2024-11-12 17:06:00","0.845","64","32","43.0","982.07","25.0","28.0","29.0","",""
"2024-11-12 17:05:00","0.861","58","32","48.0","981.03","36.0","42.0","45.0","",""
"2024-11-12 17:04:00","0.871","40","32","45.0","981.47","60.0","70.0","77.0","",""
"2024-11-12 17:03:00","0.882","40","32","52.0","982.20","60.0","70.0","77.0","",""
"2024-11-12 17:02:00","0.888","40","32","51.0","983.02","60.0","70.0","77.0","",""
"2024-11-12 17:01:00","0.897","40","32","46.0","982.65","60.0","70.0","77.0","",""
"2024-11-12 17:00:00","0.909","40","32","45.0","982.65","60.0","70.0","77.0","",""
"2024-11-12 16:59:00","0.92","40","32","49.0","983.09","60.0","70.0","77.0","",""
"2024-11-12 16:58:00","0.931","40","32","47.0","983.88","60.0","70.0","77.0","",""
"2024-11-12 16:57:00","0.949","40","32","46.0","984.66","60.0","70.0","77.0","",""
"2024-11-12 16:56:00","0.968","40","32","47.0","985.15","60.0","70.0","77.0","",""
"2024-11-12 16:55:00","0.986","42","32","45.0","984.24","58.0","67.0","73.0","",""
"2024-11-12 16:54:00","1.004","53","33","45.0","983.54","43.0","46.0","47.0","",""
"2024-11-12 16:53:00","0.967","42","33","50.0","983.10","57.0","61.0","62.0","6.5998134","-1.5854882"
"2024-11-12 16:52:00","1.112","40","33.1","55.0","983.10","60.0","64.0","65.0","6.5999314","-1.5854863"
"2024-11-12 16:51:00","1.177","38","33.2","57.0","983.00","64.0","68.0","70.0","6.5999362","-1.5854885"
"2024-11-12 16:50:00","1.321","38","33.1","59.0","983.00","64.0","68.0","70.0","6.5999291","-1.5854844"
"2024-11-12 16:49:00","1.568","37","32.9","64.0","983.10","64.5","68.8","70.0","6.5999193","-1.5854909"
"2024-11-12 16:48:00","1.6","36","32.9","64.0","983.10","67.0","72.0","73.0","6.5999193","-1.5854909"
"2024-11-12 16:47:00","1.755","40","32.5","67.0","983.10","61.0","65.0","66.0","6.5999001","-1.5854859"
"2024-11-12 16:46:00","1.397","39","32.3","64.0","983.10","61.3","65.8","66.6","",""
"2024-11-12 16:45:00","0.828","48","32.3","50.0","983.10","","","","6.5998909","-1.5854777"
"2024-11-12 16:44:00","0.847","48","32.3","52.0","983.00","","","","6.599817","-1.5854296"
"2024-11-12 16:43:00","0.688","48","32.5","46.0","983.00","","","","6.5998398","-1.5854036"
"2024-11-12 16:42:00","0.672","48","32.7","46.0","983.00","","","","6.5997834","-1.5853301"
"2024-11-12 16:41:00","0.578","48","32.9","45.0","983.00","","","","6.5997999","-1.585315"
"2024-11-12 16:40:00","0.531","48","32.9","45.0","983.10","","","","6.5988305","-1.5857154"
"2024-11-12 16:39:00","0.538","53","33.2","45.0","983.10","43.3","46.9","47.6","6.5992121","-1.5856154"
"2024-11-12 16:38:00","0.604","60","33.7","42.0","983.30","","","","6.5988315","-1.5857204"
"2024-11-12 16:37:00","0.836","60","33.8","46.0","983.20","","","","6.597772","-1.5851039"
"2024-11-12 16:36:00","0.957","58","33.5","56.0","983.30","35.9","50.8","65.6","6.5982425","-1.5840069"
"2024-11-12 16:35:00","0.954","62","33.7","48.0","983.20","","","","6.5982237","-1.5839678"
"2024-11-12 16:34:00","0.977","61","33.7","48.0","983.30","","","","6.5982681","-1.5840465"
"2024-11-12 16:33:00","0.958","62","33.7","46.0","983.30","","","","6.5982427","-1.5840101"
"2024-11-12 16:32:00","0.89","63","33.8","46.0","983.30","","","","6.5980672","-1.5836232"
"2024-11-12 16:31:00","0.847","63","33.8","46.0","983.30","","","","6.5982427","-1.5840105"
"2024-11-12 16:30:00","0.839","64","33.9","46.0","983.30","","","","6.5982383","-1.5840126"
"2024-11-12 16:29:00","0.659","67","34.1","45.0","983.30","","","","6.5981309","-1.5837294"
"2024-11-12 16:28:00","0.573","68","34.2","43.0","983.20","","","","6.5977744","-1.5851035"
"2024-11-12 16:27:00","0.57","68","34.4","43.0","983.40","","","","6.5976922","-1.5833116"
"2024-11-12 16:26:00","0.65","67","34.3","45.0","983.50","","","","6.5977083","-1.583327"
"2024-11-12 16:25:00","0.666","67","33.8","44.0","983.60","20.5","23.1","24.1","6.5976971","-1.5833675"
"2024-11-12 16:24:00","0.959","60","33.8","47.0","983.60","","","","6.5975924","-1.5840705"
"2024-11-12 16:23:00","0.818","60","33.3","48.0","983.60","","","","6.5979123","-1.5859616"
"2024-11-12 16:22:00","0.773","60","32.8","47.0","983.60","","","","6.5976193","-1.5833255"
"2024-11-12 16:21:00","0.808","60","32.6","47.0","983.60","","","","6.5976546","-1.5851595"
"2024-11-12 16:20:00","0.747","60","32.8","46.0","983.60","","","","6.5978223","-1.5858192"
"2024-11-12 16:19:00","0.906","60","32.8","47.0","983.60","","","","6.5978788","-1.585932"
"2024-11-12 16:18:00","0.857","60","32.9","47.0","983.60","","","","6.5977701","-1.5851002"
"2024-11-12 16:17:00","0.963","60","33","47.0","983.60","","","","6.5977102","-1.5843825"
"2024-11-12 16:16:00","0.898","60","33.1","47.0","983.60","","","","6.5976206","-1.5851845"
"2024-11-12 16:15:00","0.874","60","33","47.0","983.60","","","","6.5976745","-1.5851407"
"2024-11-12 16:14:00","0.784","60","32.6","46.0","983.60","","","","6.5977384","-1.5851366"
"2024-11-12 16:13:00","1.037","53","32.8","46.0","983.50","32.6","60.1","91.0","6.59777","-1.5850975"
"2024-11-12 16:12:00","1.431","49","32.7","47.0","983.60","","","","6.59777","-1.5850965"
"2024-11-12 16:11:00","1.677","49","32.6","48.0","983.50","","","","6.5988589","-1.5856139"
"2024-11-12 16:10:00","2.457","40","32.7","50.0","983.60","","","","6.5988167","-1.5856119"
"2024-11-12 16:09:00","2.535","40","32.7","49.0","983.60","","","","6.5988562","-1.5857601"
"2024-11-12 16:08:00","3.204","35","32.8","50.0","983.50","","","","6.5987684","-1.5854766"
"2024-11-12 16:07:00","2.765","38","32.9","50.0","983.60","","","","6.5988378","-1.5857197"
"2024-11-12 16:06:00","2.45","40","32.7","50.0","983.60","","","","6.5988294","-1.5857208"
"2024-11-12 16:05:00","2.377","41","32.6","50.0","983.50","","","","6.5988203","-1.5857352"
"2024-11-12 16:04:00","2.391","41","32.4","53.0","983.50","","","","6.5988423","-1.5857547"
"2024-11-12 16:03:00","2.319","41","32.1","53.0","983.50","","","","6.5988569","-1.5858004"
"2024-11-12 16:02:00","2.005","43","32","52.0","983.40","38.7","49.7","60.7","6.5988746","-1.5858707"
"2024-11-12 16:01:00","1.875","46","31.8","51.0","983.50","","","","6.5988551","-1.5858757"
"2024-11-12 16:00:00","1.61","50","31.8","50.0","983.50","31.9","36.1","38.3","6.5988552","-1.5858282"
"2024-11-12 15:59:00","1.682","49","31.8","50.0","983.40","28.2","32.5","35.7","6.5988765","-1.5858571"
"2024-11-12 15:58:00","1.848","37","31.7","52.0","983.40","64.6","73.7","80.1","6.5988166","-1.5858308"
"2024-11-12 15:57:00","1.384","25","31.9","52.0","983.40","85.2","90.4","91.7","6.5988507","-1.5858983"
"2024-11-12 15:56:00","0.841","51","32","50.0","983.40","","","","6.5988431","-1.585849"
"2024-11-12 15:55:00","0.721","51","32","51.0","983.40","","","","6.5988684","-1.5858383"
"2024-11-12 15:54:00","0.625","51","31.9","49.0","983.40","","","","6.5988852","-1.5858836"
"2024-11-12 15:53:00","0.514","51","31.8","48.0","983.30","","","","6.5988699","-1.5858825"
"2024-11-12 15:52:00","0.476","51","31.4","51.0","983.40","","","","6.5988491","-1.5858154"
"2024-11-12 15:51:00","0.51","69","31.4","50.0","983.30","16.5","18.7","19.5","6.599762","-1.5854809"
"2024-11-12 15:50:00","0.471","58","31.5","44.0","983.30","","","","6.599761","-1.5854816"
"2024-11-12 15:49:00","0.404","58","31.6","44.0","983.40","","","","6.599761","-1.5854816"
"2024-11-12 15:48:00","0.486","58","31.5","48.0","983.40","","","","6.599761","-1.5854816"
"2024-11-12 15:47:00","0.502","58","31.6","47.0","983.40","","","","6.5997919","-1.5854506"
"2024-11-12 15:46:00","0.594","58","31.5","47.0","983.30","","","","6.5997564","-1.5854865"
"2024-11-12 15:45:00","0.606","58","31.4","50.0","983.30","","","","6.5997564","-1.5854865"
"2024-11-12 15:44:00","0.599","58","31.3","50.0","983.10","","","","6.5988787","-1.5858726"
"2024-11-12 15:43:00","0.573","58","31.3","50.0","982.90","","","","6.598884","-1.5858832"
"2024-11-12 15:42:00","0.586","58","31.2","51.0","982.70","","","","6.5995669","-1.5869085"
"2024-11-12 15:41:00","0.502","58","30.8","50.0","982.50","","","","6.59992","-1.5855681"
"2024-11-12 15:40:00","0.604","55","30.6","50.0","982.60","39.7","42.9","44.0","6.5998488","-1.5853859"
"2024-11-12 15:39:00","0.546","69","30.6","50.0","982.50","","","","6.5998673","-1.5854074"
"2024-11-12 15:38:00","0.482","71","30.7","47.0","982.60","","","","6.5998647","-1.58539"
"2024-11-12 15:37:00","0.568","68","30.6","49.0","982.60","","","","6.5998001","-1.585448"
"2024-11-12 15:36:00","0.572","68","30.6","50.0","982.60","","","","6.5998107","-1.5854217"
"2024-11-12 15:35:00","0.467","71","30.5","50.0","982.60","","","","6.5998411","-1.5854117"
"2024-11-12 15:34:00","0.366","68","30.4","50.0","982.60","25.2","30.4","35.0","6.5998141","-1.5854903"
"2024-11-12 15:33:00","0.433","74","30","48.0","982.61","17.0","20.0","23.0","6.5998141","-1.5854903"
"2024-11-12 15:32:00","0.52","66","30.5","49.0","982.60","","","","6.5998736","-1.585403"
"2024-11-12 15:31:00","0.544","66","30.3","52.0","982.60","","","","6.5998918","-1.5854073"
"2024-11-12 15:30:00","0.562","65","29.9","53.0","982.60","","","","6.599897","-1.5854124"
"2024-11-12 15:29:00","0.582","62","29.6","52.0","982.60","31.9","35.3","37.4","6.5998693","-1.5853939"
"2024-11-12 15:28:00","0.625","67","29.5","51.0","982.60","","","","6.599869","-1.5853937"
"2024-11-12 15:27:00","0.661","67","29.3","53.0","982.70","","","","6.5998582","-1.585393"
"2024-11-12 15:26:00","0.547","69","29.1","53.0","982.70","","","","6.5998565","-1.5853949"
"2024-11-12 15:25:00","0.528","69","28.9","53.0","982.70","","","","6.5998556","-1.5853968"
"2024-11-12 15:24:00","0.504","69","28.6","52.0","982.80","","","","6.5998834","-1.5853919"
"2024-11-12 15:23:00","0.421","74","28.4","51.0","982.80","","","","6.5998609","-1.5853829"
"2024-11-12 15:22:00","0.321","80","28.5","42.0","982.70","","","","6.5997801","-1.5853363"
"2024-11-12 15:21:00","0.337","79","28.8","33.0","982.70","","","","6.5998792","-1.5853476"
"2024-11-12 15:20:00","0.335","79","29","34.0","982.70","","","","6.5998504","-1.5853854"
"2024-11-12 15:19:00","0.357","78","28.7","38.0","982.80","","","","6.5998556","-1.5853783"
"2024-11-12 15:18:00","0.377","77","28.5","36.0","982.70","11.8","14.3","16.3","6.5998219","-1.5853687"
"2024-11-12 15:17:00","0.478","71","28.7","38.0","982.60","","","","6.5998289","-1.5854141"
"2024-11-12 15:16:00","0.37","77","28.6","39.0","982.60","","","","6.5997822","-1.5853286"
"2024-11-12 15:15:00","0.366","78","28.5","39.0","982.60","","","","6.5997838","-1.5853295"
"2024-11-12 15:14:00","0.352","78","28.5","37.0","982.70","","","","6.5997884","-1.5853311"
"2024-11-12 15:13:00","0.349","79","28.5","34.0","982.60","","","","6.5997829","-1.5853292"
"2024-11-12 15:12:00","0.503","69","28.7","35.0","982.60","","","","6.5997827","-1.5853307"
"2024-11-12 15:11:00","0.423","74","28.8","35.0","982.60","","","","6.5997837","-1.5853298"
"2024-11-12 15:10:00","0.362","78","29","35.0","982.60","","","","6.599785","-1.5853278"
"2024-11-12 15:09:00","0.349","79","29.1","36.0","982.50","","","","6.5997829","-1.5853255"
"2024-11-12 15:08:00","0.331","80","29.1","38.0","982.50","","","","6.5997828","-1.5853322"
"2024-11-12 15:07:00","0.364","78","29.2","37.0","982.40","10.6","13.4","15.6","6.5997843","-1.5853298"
"2024-11-12 15:06:00","0.556","69","29.4","40.0","982.50","","","","6.5997839","-1.5853285"
"2024-11-12 15:05:00","0.488","70","29.6","39.0","982.50","","","","6.5997838","-1.5853314"
"2024-11-12 15:04:00","0.363","78","29.8","38.0","982.50","","","","6.5997829","-1.5853296"
"2024-11-12 15:03:00","0.328","80","29.8","37.0","982.40","","","","6.5997832","-1.5853295"
"2024-11-12 15:02:00","0.335","79","29.7","35.0","982.50","10.0","12.0","12.6","6.5997835","-1.5853297"
"2024-11-12 15:01:00","0.361","78","29.5","45.0","982.60","","","","6.5997831","-1.5853271"
"2024-11-12 15:00:00","0.327","80","29.1","43.0","982.60","","","","6.5997855","-1.5853339"
"2024-11-12 14:59:00","0.318","80","28.9","36.0","982.60","","","","6.5997838","-1.58533"
"2024-11-12 14:58:00","0.317","80","29.1","34.0","982.60","","","","6.5997828","-1.5853324"
"2024-11-12 14:57:00","0.323","80","29.2","35.0","982.60","","","","6.5997828","-1.5853316"
"2024-11-12 14:56:00","0.351","78","29.3","35.0","982.60","12.1","18.3","24.3","6.5997815","-1.585333"
"2024-11-12 14:55:00","0.513","69","29.6","36.0","982.60","","","","6.5997831","-1.5853304"
"2024-11-12 14:54:00","0.452","72","29.8","36.0","982.70","","","","6.5997829","-1.5853293"
"2024-11-12 14:53:00","0.366","78","30","36.0","982.70","","","","6.5997923","-1.585336"
"2024-11-12 14:52:00","0.369","77","30.4","36.0","982.70","","","","6.5997853","-1.5853332"
"2024-11-12 14:51:00","0.354","78","30.8","36.0","982.70","","","","6.599786","-1.58533"
"2024-11-12 14:50:00","0.326","80","31.1","38.0","982.80","","","","6.5997862","-1.5853303"
"2024-11-12 14:49:00","0.315","81","31.3","38.0","982.80","","","","6.5998391","-1.5853709"
"2024-11-12 14:48:00","0.322","80","31.3","39.0","982.80","","","","6.5997837","-1.5853282"
"2024-11-12 14:47:00","0.32","80","31","39.0","982.90","","","","6.5997819","-1.5853325"
"2024-11-12 14:46:00","0.312","81","30.7","37.0","982.80","","","","6.5997855","-1.5853305"
"2024-11-12 14:45:00","0.312","81","30.3","39.0","983.00","12.5","16.3","19.5","6.5997842","-1.5853282"
"2024-11-12 14:44:00","0.311","80","30.4","38.0","983.00","","","","6.5997835","-1.5853275"
"2024-11-12 14:43:00","0.322","80","30.3","37.0","983.00","","","","6.5997831","-1.5853294"
"2024-11-12 14:42:00","0.322","80","30.2","39.0","982.90","","","","6.5997835","-1.5853296"
"2024-11-12 14:41:00","0.328","80","30","43.0","983.00","","","","6.5997854","-1.5853301"
"2024-11-12 14:40:00","0.344","79","29.8","44.0","983.00","","","","6.5997849","-1.585328"
"2024-11-12 14:39:00","0.347","79","29.7","41.0","983.00","","","","6.5997842","-1.5853275"
"2024-11-12 14:38:00","0.312","80","29.7","38.0","983.00","","","","6.599783","-1.5853265"
"2024-11-12 14:37:00","0.328","80","29.7","40.0","982.90","","","","6.599785","-1.5853307"
"2024-11-12 14:36:00","0.33","80","29.6","39.0","982.90","","","","6.5997827","-1.5853306"
"2024-11-12 14:35:00","0.35","79","29.6","37.0","982.90","","","","6.5997843","-1.5853381"
"2024-11-12 14:34:00","0.445","73","29.4","43.0","983.00","13.7","17.6","21.1","6.599783","-1.5853318"
"2024-11-12 14:33:00","0.622","67","29.4","48.0","983.00","13.8","17.1","19.8","6.5997527","-1.5853168"
"2024-11-12 14:32:00","0.608","68","29.5","38.0","982.90","","","","6.5997822","-1.5853327"
"2024-11-12 14:31:00","0.744","65","29.8","35.0","982.90","","","","6.599796","-1.5853425"
"2024-11-12 14:30:00","0.728","66","30.2","35.0","983.00","","","","6.5998019","-1.5853512"
"2024-11-12 14:29:00","0.703","66","30.5","35.0","983.00","","","","6.5997852","-1.5853319"
"2024-11-12 14:28:00","0.747","65","30.9","34.0","983.10","","","","6.5997903","-1.5853422"
"2024-11-12 14:27:00","0.672","67","31.4","36.0","983.10","","","","6.5997844","-1.5853319"
"2024-11-12 14:26:00","0.498","70","31.9","36.0","982.90","","","","6.5997832","-1.5853291"
"2024-11-12 14:25:00","0.401","75","32.4","36.0","982.70","","","","6.5998639","-1.5854074"
"2024-11-12 14:24:00","0.367","77","32.8","35.0","982.70","","","","6.5998507","-1.5854001"
"2024-11-12 14:23:00","0.366","78","33","36.0","982.70","","","","6.5997842","-1.5853295"
"2024-11-12 14:22:00","0.363","78","33.4","35.0","982.60","14.2","19.7","24.3","6.599783","-1.5853294"
"2024-11-12 14:21:00","0.389","76","33.9","33.0","982.50","","","","6.5997849","-1.5853292"
"2024-11-12 14:20:00","0.552","69","34.9","33.0","982.50","15.1","23.8","33.5","6.5997898","-1.5853342"
"2024-11-12 14:19:00","0.625","67","35.7","33.0","982.60","","","","6.599847","-1.5852827"
"2024-11-12 14:18:00","0.658","67","35.8","39.0","982.50","","","","6.5998271","-1.5853645"
"2024-11-12 14:17:00","0.654","67","35.3","42.0","982.60","","","","6.599853","-1.5853798"
"2024-11-12 14:16:00","0.698","66","35.1","44.0","982.70","11.2","13.2","14.2","6.5998484","-1.5854029"
"2024-11-12 14:15:00","0.705","66","35.3","43.0","982.60","10.5","12.4","13.1","6.5998854","-1.5853954"
"2024-11-12 14:14:00","0.779","65","35.4","41.0","982.60","","","","6.5998604","-1.5853938"
"2024-11-12 14:13:00","0.726","66","35.1","43.0","982.60","","","","6.5998661","-1.5853858"
"2024-11-12 14:12:00","0.364","78","34.6","44.0","982.70","","","","6.5998685","-1.5853963"
"2024-11-12 14:11:00","0.118","83","34.4","45.0","982.60","11.5","13.2","14.4","6.5998585","-1.5853921"
"2024-11-12 14:10:00","","","34.4","45.0","982.60","10.3","11.9","12.8","6.5998637","-1.5854053"
"2024-11-12 14:09:00","0.01","84","30.3","43.0","981.90","11.0","14.0","17.0","6.5998637","-1.5854053"
"2024-11-12 12:34:00","0.369","77","30.4","42.0","981.90","","","","6.6829862","-1.5682938"
"2024-11-12 12:33:00","0.374","77","30.5","42.0","981.90","","","","6.6829863","-1.5682895"
"2024-11-12 12:32:00","0.344","79","30.5","39.0","982.00","","","","6.6829847","-1.5682817"
"2024-11-12 12:31:00","0.285","82","30.2","41.0","982.00","","","","6.6829847","-1.5682427"
"2024-11-12 12:30:00","0.218","83","29.7","39.0","982.00","11.8","14.9","17.5","6.6829846","-1.5682944"
"2024-11-12 12:29:00","0.12","85","29.7","42.0","982.00","10.4","14.0","17.1","6.6829915","-1.5682492"
"2024-11-12 12:28:00","","","30","41.0","981.98","9.0","13.0","18.0","6.6829852","-1.5682953"
"2024-11-12 12:27:00","","","30","41.0","981.98","9.0","13.0","18.0","6.6829852","-1.5682953"
"2024-11-12 12:22:00","0.58","68","29","42.0","982.01","11.0","15.0","17.0","",""
"2024-11-12 12:21:00","0.591","68","29","40.0","982.00","11.0","14.0","17.0","",""
"2024-11-12 12:20:00","0.601","68","29","39.0","982.01","11.0","14.0","17.0","",""
"2024-11-12 12:19:00","0.595","68","29","39.0","982.01","11.0","14.0","16.0","",""
"2024-11-12 12:18:00","0.587","68","29","40.0","982.03","11.0","14.0","16.0","",""
"2024-11-12 12:17:00","0.579","68","29","40.0","982.01","11.0","14.0","16.0","",""
"2024-11-12 12:16:00","0.573","68","29","40.0","982.02","11.0","14.0","16.0","",""
"2024-11-12 12:15:00","0.566","68","29","40.0","982.05","11.0","14.0","16.0","",""
"2024-11-12 12:14:00","0.561","68","29","40.0","982.06","11.0","14.0","16.0","",""
"2024-11-12 12:13:00","0.557","69","29","40.0","982.07","11.0","14.0","16.0","",""
"2024-11-12 12:12:00","0.555","69","29","40.0","982.05","11.0","14.0","16.0","",""
"2024-11-12 12:11:00","0.558","68","29","41.0","982.05","11.0","14.0","16.0","",""
"2024-11-12 12:10:00","0.567","68","28","42.0","982.07","11.0","14.0","16.0","",""
"2024-11-12 12:09:00","0.572","68","28","42.0","982.10","10.0","12.0","14.0","",""
"2024-11-12 12:08:00","0.561","68","28","42.0","982.10","11.0","13.0","14.0","",""
"2024-11-12 12:07:00","0.547","69","28","42.0","982.13","11.0","13.0","14.0","",""
"2024-11-12 12:06:00","0.547","69","28","42.0","982.13","11.0","13.0","14.0","",""
"2024-11-08 13:29:00","0.71","66","27.9","43.0","983.00","","","","6.68295","-1.5682187"
"2024-11-08 13:28:00","0.952","62","28","56.0","983.00","7.6","11.2","14.5","6.68295","-1.5682187"
"2024-11-08 13:27:00","1.099","59","28.1","41.0","982.90","","","","6.68295","-1.5682187"
"2024-11-08 13:26:00","1.161","58","28.1","40.0","983.00","","","","6.6829505","-1.5682186"
"2024-11-08 13:25:00","1.191","58","28.1","40.0","983.00","","","","6.6829502","-1.5682198"
"2024-11-08 13:24:00","1.193","57","28.2","39.0","983.10","","","","6.6829502","-1.5682198"
"2024-11-08 13:23:00","1.173","58","28.2","39.0","983.10","","","","6.6829502","-1.5682198"
"2024-11-08 13:22:00","1.157","58","28.2","39.0","983.10","","","","6.6829502","-1.5682198"
"2024-11-08 13:21:00","1.123","59","28.3","39.0","983.10","","","","6.6829502","-1.5682198"
"2024-11-08 13:20:00","1.092","59","28.3","39.0","983.20","","","","6.6829502","-1.5682198"
"2024-11-08 13:19:00","1.014","61","28.2","39.0","983.10","","","","6.6829502","-1.5682198"
"2024-11-08 13:18:00","0.998","61","27.9","39.0","983.10","","","","6.6829502","-1.5682198"
"2024-11-08 13:17:00","1.141","58","27.9","39.0","983.20","1.6","3.1","4.0","6.6829502","-1.5682198"
"2024-11-08 13:16:00","1.215","57","28.1","39.0","983.20","","","","6.6829502","-1.5682198"
"2024-11-08 13:15:00","1.207","57","28.1","39.0","983.20","","","","6.6829502","-1.5682198"
"2024-11-08 13:14:00","1.175","58","28.1","39.0","983.20","","","","6.6829502","-1.5682198"
"2024-11-08 13:13:00","1.185","58","28.1","39.0","983.30","","","","6.68295","-1.5682202"
"2024-11-08 13:12:00","1.156","58","28.2","39.0","983.20","","","","6.68295","-1.5682202"
"2024-11-08 13:11:00","1.144","58","28.2","39.0","983.30","","","","6.68295","-1.5682202"
"2024-11-08 13:10:00","1.099","59","28.2","39.0","983.20","","","","6.68295","-1.5682202"
"2024-11-08 13:09:00","1.052","60","28.2","39.0","983.20","","","","6.68295","-1.5682202"
"2024-11-08 13:08:00","0.973","61","28.2","39.0","983.20","","","","6.68295","-1.5682202"
"2024-11-08 13:07:00","0.957","62","27.9","39.0","983.30","","","","6.68295","-1.5682202"
"2024-11-08 13:06:00","1.088","59","27.9","39.0","983.30","1.7","3.7","5.1","6.68295","-1.5682202"
"2024-11-08 13:05:00","1.178","58","28","39.0","983.40","","","","6.68295","-1.5682202"
"2024-11-08 13:04:00","1.147","58","28.1","39.0","983.40","","","","6.68295","-1.5682202"
"2024-11-08 13:03:00","1.154","58","28.1","39.0","983.40","","","","6.68295","-1.5682202"
"2024-11-08 13:02:00","1.139","58","28.1","39.0","983.30","","","","6.68295","-1.5682202"
"2024-11-08 13:01:00","1.103","59","28.2","39.0","983.40","","","","6.68295","-1.5682202"
"2024-11-08 13:00:00","1.088","59","28.2","39.0","983.40","","","","6.68295","-1.5682202"
"2024-11-08 12:59:00","1.067","60","28.2","39.0","983.40","","","","6.68295","-1.5682202"
"2024-11-08 12:58:00","1.014","61","28.2","39.0","983.40","","","","6.68295","-1.5682202"
"2024-11-08 12:57:00","0.936","62","28.2","39.0","983.40","","","","6.68295","-1.5682202"
"2024-11-08 12:56:00","0.901","63","28","39.0","983.40","","","","6.68295","-1.5682202"
"2024-11-08 12:55:00","1.019","61","27.9","39.0","983.40","1.8","2.9","3.9","6.68295","-1.5682202"
"2024-11-08 12:54:00","1.13","59","28.1","39.0","983.60","","","","6.68295","-1.5682202"
"2024-11-08 12:53:00","1.126","59","28.1","39.0","983.50","","","","6.68295","-1.5682202"
"2024-11-08 12:52:00","1.119","59","28.1","39.0","983.50","","","","6.68295","-1.5682202"
"2024-11-08 12:51:00","1.094","59","28.1","39.0","983.50","","","","6.68295","-1.5682202"
"2024-11-08 12:50:00","1.063","60","28.2","39.0","983.60","","","","6.6829509","-1.5682191"
"2024-11-08 12:49:00","1.063","60","28.2","39.0","983.50","","","","6.6829509","-1.5682191"
"2024-11-08 12:48:00","1.024","60","28.2","40.0","983.50","","","","6.6832035","-1.5685272"
"2024-11-08 12:47:00","0.967","61","28.2","40.0","983.50","","","","6.6832035","-1.5685272"
"2024-11-08 12:46:00","0.906","62","28.2","40.0","983.60","","","","6.6832035","-1.5685272"
"2024-11-08 12:45:00","0.857","63","28","40.0","983.50","","","","6.6832035","-1.5685272"
"2024-11-08 12:44:00","0.928","62","27.9","39.0","983.50","2.0","3.4","4.2","6.6832035","-1.5685272"
"2024-11-08 12:43:00","1.057","60","28.1","39.0","983.60","","","","6.6832035","-1.5685272"
"2024-11-08 12:42:00","1.058","60","28.1","39.0","983.50","","","","6.6832035","-1.5685272"
"2024-11-08 12:41:00","1.029","60","26.1","37.0","983.70","","","","6.6832035","-1.5685272"
"2024-11-08 11:48:00","0.01","99","31","36.0","983.97","","","","",""
